"0","# –°—á–∏—Ç–∞–µ–º –∫–æ–ª–∏—á–µ—Å—Ç–≤–æ —Ä–µ–π—Å–æ–≤ –ø–æ –∫–∞–∂–¥–æ–π –∞–≤–∏–∞–∫–æ–º–ø–∞–Ω–∏–∏ –∏ –∞—ç—Ä–æ–ø–æ—Ä—Ç—É –Ω–∞–∑–Ω–∞—á–µ–Ω–∏—è"
"0","top_routes <- flights %>%"
"0","  group_by(carrier, dest) %>%"
"0","  summarise(flights_count = n(), .groups = ""drop"")"
"0",""
"0","# –î–æ–±–∞–≤–ª—è–µ–º –ø–æ–ª–Ω–æ–µ –Ω–∞–∑–≤–∞–Ω–∏–µ –∞–≤–∏–∞–∫–æ–º–ø–∞–Ω–∏–∏"
"0","top_routes <- top_routes %>%"
"0","  left_join(airlines, by = ""carrier"") %>%"
"0","  left_join(airports, by = c(""dest"" = ""faa"")) %>%"
"0","  filter(!is.na(lat) & !is.na(lon))"
"0",""
"0","# ‚úèÔ∏è –ó–ê–î–ê–ô –ò–ú–Ø –ê–í–ò–ê–ö–û–ú–ü–ê–ù–ò–ò"
"0","selected_airline <- ""United Air Lines Inc."""
"0",""
"0","# –§–∏–ª—å—Ç—Ä—É–µ–º –ø–æ –∞–≤–∏–∞–∫–æ–º–ø–∞–Ω–∏–∏"
"0","routes_filtered <- top_routes %>%"
"0","  filter(name.x == selected_airline & flights_count > 100)  # —É–±—Ä–∞—Ç—å —Ä–µ–¥–∫–∏–µ –Ω–∞–ø—Ä–∞–≤–ª–µ–Ω–∏—è"
"0",""
"0","# –§–æ–Ω –∫–∞—Ä—Ç—ã –°–®–ê"
"0","usa_map <- map_data(""state"")"
"0",""
"0","# –°—Ç—Ä–æ–∏–º –∫–∞—Ä—Ç—É"
"0","ggplot() +"
"0","  geom_polygon(data = usa_map, aes(x = long, y = lat, group = group),"
"0","               fill = ""gray95"", color = ""white"") +"
"0","  geom_point(data = routes_filtered,"
"0","             aes(x = lon, y = lat, size = flights_count),"
"0","             color = ""steelblue"", alpha = 0.7) +"
"0","  scale_size(range = c(2, 10), name = ""–ö–æ–ª-–≤–æ —Ä–µ–π—Å–æ–≤"") +"
"0","  theme_minimal() +"
"0","  coord_fixed(1.3) +"
"0","  labs("
"0","    title = paste(""üõ´ –ì–µ–æ–≥—Ä–∞—Ñ–∏—è —Ä–µ–π—Å–æ–≤ –∞–≤–∏–∞–∫–æ–º–ø–∞–Ω–∏–∏:"", selected_airline),"
"0","    subtitle = ""–î–∞–Ω–Ω—ã–µ: nycflights23 (2023)"","
"0","    x = ""–î–æ–ª–≥–æ—Ç–∞"", y = ""–®–∏—Ä–æ—Ç–∞"""
"0","  )"
